"","variable","Créditos Atrasados / Créditos Directos","Créditos Refinanciados y Reestructurados / Créditos Directos","Gastos de Operación / Margen Financiero Total","Periodo","mes","mes2"
"1","CrediScotia",5.86,0.52,63.99,"2009","Enero","2009-01-31"
"2","Solución Financiera de Crédito",0.09,0.02,3.33,"2009","Enero","2009-01-31"
"3","TFC",2.71,0.07,60.89,"2009","Enero","2009-01-31"
"4","Edyficar",2.93,0.29,54.37,"2009","Enero","2009-01-31"
"5","Total Empresas Financieras",4.23,0.37,60.45,"2009","Enero","2009-01-31"
"6","CrediScotia",7.71,0.51,71.44,"2009","Febrero","2009-02-28"
"7","Solución Financiera de Crédito",0.2,0.02,3.35,"2009","Febrero","2009-02-28"
"8","TFC",3.21,0.07,64.37,"2009","Febrero","2009-02-28"
"9","Edyficar",3.3,0.29,55.6,"2009","Febrero","2009-02-28"
"10","Total Empresas Financieras",5.36,0.36,65.65,"2009","Febrero","2009-02-28"
"11","CrediScotia",7.82,0.47,71.89,"2009","Marzo","2009-03-31"
"12","Solución Financiera de Crédito",0.2,0.02,5.14,"2009","Marzo","2009-03-31"
"13","TFC",3.81,0.07,65.02,"2009","Marzo","2009-03-31"
"14","Edyficar",3.67,0.31,55.75,"2009","Marzo","2009-03-31"
"15","Total Empresas Financieras",5.51,0.34,66.45,"2009","Marzo","2009-03-31"
"16","CrediScotia",7.37,1.14,73.07,"2009","Abril","2009-04-30"
"17","Solución Financiera de Crédito",0.19,0.02,9.53,"2009","Abril","2009-04-30"
"18","TFC",4.27,0.07,66.02,"2009","Abril","2009-04-30"
"19","Edyficar",4.01,0.34,55.98,"2009","Abril","2009-04-30"
"20","Total Empresas Financieras",5.93,0.82,67.77,"2009","Abril","2009-04-30"
"21","CrediScotia",8.36,1.35,67.9,"2009","Mayo","2009-05-31"
"22","Solución Financiera de Crédito",0.19,0.02,8.83,"2009","Mayo","2009-05-31"
"23","TFC",4.99,0.06,58.05,"2009","Mayo","2009-05-31"
"24","Edyficar",3.74,0.38,56.2,"2009","Mayo","2009-05-31"
"25","Total Empresas Financieras",6.54,0.95,64.06,"2009","Mayo","2009-05-31"
"26","CrediScotia",7.5,1.68,65.32,"2009","Junio","2009-06-30"
"27","Solución Financiera de Crédito",0.19,0.02,7.24,"2009","Junio","2009-06-30"
"28","TFC",4.09,0.05,60.48,"2009","Junio","2009-06-30"
"29","Edyficar",4,0.37,56.82,"2009","Junio","2009-06-30"
"30","Total Empresas Financieras",5.98,1.16,62.67,"2009","Junio","2009-06-30"
"31","CrediScotia",6.88,2.09,63.66,"2009","Julio","2009-07-31"
"32","Solución Financiera de Crédito",0.22,0.02,6.98,"2009","Julio","2009-07-31"
"33","TFC",4.17,0.04,59.66,"2009","Julio","2009-07-31"
"34","Edyficar",3.99,0.4,57.63,"2009","Julio","2009-07-31"
"35","Total Empresas Financieras",5.58,1.42,61.67,"2009","Julio","2009-07-31"
"36","CrediScotia",6.03,2.29,62.28,"2009","Agosto","2009-08-31"
"37","Solución Financiera de Crédito",0.35,0.02,7.19,"2009","Agosto","2009-08-31"
"38","TFC",4.06,0.14,58.45,"2009","Agosto","2009-08-31"
"39","Edyficar",4.23,0.44,57.8,"2009","Agosto","2009-08-31"
"40","Total Empresas Financieras",5.09,1.55,60.66,"2009","Agosto","2009-08-31"
"41","CrediScotia",5.21,2.36,62.33,"2009","Septiembre","2009-09-30"
"42","Solución Financiera de Crédito",0.38,0.02,8.53,"2009","Septiembre","2009-09-30"
"43","TFC",4.15,0.19,57.69,"2009","Septiembre","2009-09-30"
"44","Edyficar",4.06,0.46,57.89,"2009","Septiembre","2009-09-30"
"45","Compartamos Financiera",4.73,0.05,59.99,"2009","Septiembre","2009-09-30"
"46","Confianza",4.71,0.55,61.16,"2009","Septiembre","2009-09-30"
"47","Total Empresas Financieras",4.58,1.38,60.69,"2009","Septiembre","2009-09-30"
"48","CrediScotia",5.09,2.46,61.64,"2009","Octubre","2009-10-31"
"49","Solución Financiera de Crédito",0.38,0.02,8.04,"2009","Octubre","2009-10-31"
"50","TFC",4.82,1.57,56.69,"2009","Octubre","2009-10-31"
"51","Edyficar",4.34,0.45,57.97,"2009","Octubre","2009-10-31"
"52","Compartamos Financiera",4.73,0.04,59.32,"2009","Octubre","2009-10-31"
"53","Confianza",5.07,0.53,61.15,"2009","Octubre","2009-10-31"
"54","Total Empresas Financieras",4.65,1.5,60.15,"2009","Octubre","2009-10-31"
"55","CrediScotia",5.37,2.56,60.78,"2009","Noviembre","2009-11-30"
"56","Solución Financiera de Crédito",0.6,0.02,8.04,"2009","Noviembre","2009-11-30"
"57","TFC",5.3,2.29,55.97,"2009","Noviembre","2009-11-30"
"58","Edyficar",3.83,0.46,57.91,"2009","Noviembre","2009-11-30"
"59","Compartamos Financiera",4.7,0.04,58.54,"2009","Noviembre","2009-11-30"
"60","Confianza",5.07,0.55,61.44,"2009","Noviembre","2009-11-30"
"61","Total Empresas Financieras",4.73,1.59,59.54,"2009","Noviembre","2009-11-30"
"62","CrediScotia",5.03,2.65,59.97,"2009","Diciembre","2009-12-31"
"63","Solución Financiera de Crédito",0.53,0.01,7.57,"2009","Diciembre","2009-12-31"
"64","TFC",5.97,2.29,55.73,"2009","Diciembre","2009-12-31"
"65","Edyficar",3.88,0.45,57.91,"2009","Diciembre","2009-12-31"
"66","Compartamos Financiera",3.96,0.06,56.28,"2009","Diciembre","2009-12-31"
"67","Confianza",4.62,0.65,62.05,"2009","Diciembre","2009-12-31"
"68","Total Empresas Financieras",4.5,1.64,58.91,"2009","Diciembre","2009-12-31"
"69","CrediScotia",4.43,2.78,47.68,"2010","Enero","2010-01-31"
"70","Solución Financiera de Crédito",0.61,0.01,4.48,"2010","Enero","2010-01-31"
"71","TFC",6.03,2.49,49.76,"2010","Enero","2010-01-31"
"72","Edyficar",4.21,0.44,51.19,"2010","Enero","2010-01-31"
"73","Compartamos Financiera",4.37,0.08,48.71,"2010","Enero","2010-01-31"
"74","Confianza",5.19,0.64,47.98,"2010","Enero","2010-01-31"
"75","Financiera Universal",0,0,-236.33,"2010","Enero","2010-01-31"
"76","Total Empresas Financieras",4.36,1.72,49.11,"2010","Enero","2010-01-31"
"77","CrediScotia",4.26,2.78,50.16,"2010","Febrero","2010-02-28"
"78","Solución Financiera de Crédito",0.41,0.01,4.53,"2010","Febrero","2010-02-28"
"79","TFC",5.94,2.45,51.66,"2010","Febrero","2010-02-28"
"80","Edyficar",4.23,0.46,54.03,"2010","Febrero","2010-02-28"
"81","Compartamos Financiera",4.73,0.07,51.26,"2010","Febrero","2010-02-28"
"82","Confianza",5.46,0.61,57.61,"2010","Febrero","2010-02-28"
"83","Financiera Universal",0,0,-594.4,"2010","Febrero","2010-02-28"
"84","Total Empresas Financieras",4.33,1.71,52.09,"2010","Febrero","2010-02-28"
"85","CrediScotia",4.24,2.72,50.83,"2010","Marzo","2010-03-31"
"86","Solución Financiera de Crédito",0.75,0.01,3.85,"2010","Marzo","2010-03-31"
"87","TFC",5.81,2.3,51.53,"2010","Marzo","2010-03-31"
"88","Edyficar",4.35,0.48,54.95,"2010","Marzo","2010-03-31"
"89","Compartamos Financiera",4.79,0.06,49.07,"2010","Marzo","2010-03-31"
"90","Confianza",5.42,0.61,57.17,"2010","Marzo","2010-03-31"
"91","Financiera Universal",0,0,-1321.97,"2010","Marzo","2010-03-31"
"92","Financiera Uno",0,0,2952.17,"2010","Marzo","2010-03-31"
"93","Total Empresas Financieras",4.35,1.67,52.91,"2010","Marzo","2010-03-31"
"94","CrediScotia",4.3,2.65,52.05,"2010","Abril","2010-04-30"
"95","Solución Financiera de Crédito",0.73,0.01,3.94,"2010","Abril","2010-04-30"
"96","TFC",5.47,3.28,52.82,"2010","Abril","2010-04-30"
"97","Edyficar",4.55,0.5,54.8,"2010","Abril","2010-04-30"
"98","Compartamos Financiera",5.36,0.06,48.42,"2010","Abril","2010-04-30"
"99","Confianza",5.91,0.61,56.91,"2010","Abril","2010-04-30"
"100","Financiera Efectiva",3.76,0,62.4,"2010","Abril","2010-04-30"
"101","Financiera Universal",0,0,31660,"2010","Abril","2010-04-30"
"102","Financiera Uno",0,0,2768.33,"2010","Abril","2010-04-30"
"103","Total Empresas Financieras",4.48,1.65,54.34,"2010","Abril","2010-04-30"
"104","CrediScotia",4.45,2.5,51.44,"2010","Mayo","2010-05-31"
"105","Solución Financiera de Crédito",0.86,0.01,4.09,"2010","Mayo","2010-05-31"
"106","TFC",5.45,2.69,52.89,"2010","Mayo","2010-05-31"
"107","Edyficar",4.43,0.51,55.16,"2010","Mayo","2010-05-31"
"108","Compartamos Financiera",5.64,0.07,46.86,"2010","Mayo","2010-05-31"
"109","Confianza",6.53,0.7,60.01,"2010","Mayo","2010-05-31"
"110","Financiera Efectiva",3.96,0,63.68,"2010","Mayo","2010-05-31"
"111","Financiera Universal",0.11,0,2513.5,"2010","Mayo","2010-05-31"
"112","Financiera Uno",0.09,0,1620.96,"2010","Mayo","2010-05-31"
"113","America Financiera",0.93,2.31,70.93,"2010","Mayo","2010-05-31"
"114","Total Empresas Financieras",4.23,1.63,55.02,"2010","Mayo","2010-05-31"
"115","CrediScotia",4.34,2.39,51.98,"2010","Junio","2010-06-30"
"116","TFC",5.59,2.31,54.34,"2010","Junio","2010-06-30"
"117","Edyficar",4.6,0.54,55.16,"2010","Junio","2010-06-30"
"118","Compartamos Financiera",5.86,0.06,46.08,"2010","Junio","2010-06-30"
"119","Confianza",6.33,0.9,61.55,"2010","Junio","2010-06-30"
"120","Financiera Efectiva",3.69,0,63.93,"2010","Junio","2010-06-30"
"121","Financiera Universal",0.62,0,1748.33,"2010","Junio","2010-06-30"
"122","Financiera Uno",0.29,0,897.41,"2010","Junio","2010-06-30"
"123","America Financiera",0.86,2.13,72.36,"2010","Junio","2010-06-30"
"124","Total Empresas Financieras",4.34,1.62,56.02,"2010","Junio","2010-06-30"
"125","CrediScotia",4.2,2.27,52.16,"2010","Julio","2010-07-31"
"126","TFC",5,2,52.62,"2010","Julio","2010-07-31"
"127","Edyficar",4.41,0.57,56.02,"2010","Julio","2010-07-31"
"128","Compartamos Financiera",6.24,0.06,45.62,"2010","Julio","2010-07-31"
"129","Confianza",6.17,0.98,62.81,"2010","Julio","2010-07-31"
"130","Financiera Efectiva",3.72,0,63.62,"2010","Julio","2010-07-31"
"131","Financiera Universal",0.64,0,1128.41,"2010","Julio","2010-07-31"
"132","Financiera Uno",0.76,0,555.13,"2010","Julio","2010-07-31"
"133","America Financiera",2.55,2.11,73.12,"2010","Julio","2010-07-31"
"134","Total Empresas Financieras",4.39,1.56,56.28,"2010","Julio","2010-07-31"
"135","CrediScotia",3.97,2.21,51.85,"2010","Agosto","2010-08-31"
"136","TFC",5.87,1.17,53,"2010","Agosto","2010-08-31"
"137","Edyficar",4.55,0.56,56.17,"2010","Agosto","2010-08-31"
"138","Compartamos Financiera",6.76,0.06,45.06,"2010","Agosto","2010-08-31"
"139","Confianza",6.24,0.99,63.31,"2010","Agosto","2010-08-31"
"140","Financiera Efectiva",3.67,0,63.64,"2010","Agosto","2010-08-31"
"141","Financiera Universal",0.85,0,901.4,"2010","Agosto","2010-08-31"
"142","Financiera Uno",2.37,0,414.99,"2010","Agosto","2010-08-31"
"143","America Financiera",2.15,1.95,73.39,"2010","Agosto","2010-08-31"
"144","Total Empresas Financieras",4.38,1.46,56.18,"2010","Agosto","2010-08-31"
"145","CrediScotia",3.76,2.16,51.92,"2010","Septiembre","2010-09-30"
"146","TFC",6.5,1.08,53.14,"2010","Septiembre","2010-09-30"
"147","Edyficar",4.19,0.55,56.34,"2010","Septiembre","2010-09-30"
"148","Compartamos Financiera",6.64,0.07,45.13,"2010","Septiembre","2010-09-30"
"149","Confianza",6,1.08,64.36,"2010","Septiembre","2010-09-30"
"150","Financiera Efectiva",3.74,0,64.05,"2010","Septiembre","2010-09-30"
"151","Financiera Universal",1.11,0,739.49,"2010","Septiembre","2010-09-30"
"152","Financiera Uno",3.67,0,331.43,"2010","Septiembre","2010-09-30"
"153","America Financiera",2.1,1.69,75.4,"2010","Septiembre","2010-09-30"
"154","Total Empresas Financieras",4.23,1.41,56.36,"2010","Septiembre","2010-09-30"
"155","CrediScotia",3.52,2.11,51.94,"2010","Octubre","2010-10-31"
"156","TFC",6.04,0.95,54.04,"2010","Octubre","2010-10-31"
"157","Edyficar",4.36,0.53,56.04,"2010","Octubre","2010-10-31"
"158","Compartamos Financiera",6.79,0.13,45.36,"2010","Octubre","2010-10-31"
"159","Confianza",5.88,1.13,65.03,"2010","Octubre","2010-10-31"
"160","Financiera Efectiva",3.86,0,63.69,"2010","Octubre","2010-10-31"
"161","Financiera Universal",1.34,0,603.75,"2010","Octubre","2010-10-31"
"162","Financiera Uno",5,0,276.16,"2010","Octubre","2010-10-31"
"163","America Financiera",1.29,1.58,76.13,"2010","Octubre","2010-10-31"
"164","Total Empresas Financieras",4.07,1.37,56.39,"2010","Octubre","2010-10-31"
"165","CrediScotia",3.44,1.96,52.11,"2010","Noviembre","2010-11-30"
"166","TFC",5.79,2.19,53.52,"2010","Noviembre","2010-11-30"
"167","Edyficar",3.95,0.5,56.13,"2010","Noviembre","2010-11-30"
"168","Compartamos Financiera",6.98,0.14,45.68,"2010","Noviembre","2010-11-30"
"169","Confianza",5.69,1.1,66,"2010","Noviembre","2010-11-30"
"170","Financiera Efectiva",3.73,0,63.62,"2010","Noviembre","2010-11-30"
"171","Financiera Universal",2,0,508.94,"2010","Noviembre","2010-11-30"
"172","Financiera Uno",6.93,0,241.29,"2010","Noviembre","2010-11-30"
"173","America Financiera",1.27,1.48,76.04,"2010","Noviembre","2010-11-30"
"174","Total Empresas Financieras",3.95,1.36,56.56,"2010","Noviembre","2010-11-30"
"175","CrediScotia",3.52,1.78,51.94,"2010","Diciembre","2010-12-31"
"176","TFC",5.81,2.05,53.51,"2010","Diciembre","2010-12-31"
"177","Edyficar",4.01,0.48,56.12,"2010","Diciembre","2010-12-31"
"178","Compartamos Financiera",3.9,0.15,45.72,"2010","Diciembre","2010-12-31"
"179","Confianza",5.46,1.11,66.93,"2010","Diciembre","2010-12-31"
"180","Financiera Efectiva",3.8,0,63.99,"2010","Diciembre","2010-12-31"
"181","Financiera Universal",2.19,0,452.5,"2010","Diciembre","2010-12-31"
"182","Financiera Uno",7.07,0,226.59,"2010","Diciembre","2010-12-31"
"183","America Financiera",0.98,1.2,81.31,"2010","Diciembre","2010-12-31"
"184","Mitsui.Auto.Finance",7.72,0,59.65,"2010","Diciembre","2010-12-31"
"185","Total Empresas Financieras",3.75,1.23,56.82,"2010","Diciembre","2010-12-31"
"186","BBVA",1.14,1.23,40.73,"2011","Enero","2011-01-31"
"187","B. del Comercio",1.95,1.55,64.44,"2011","Enero","2011-01-31"
"188","BCP",1.41,0.51,44.33,"2011","Enero","2011-01-31"
"189","B. Financiera",2.85,1.17,60,"2011","Enero","2011-01-31"
"190","BIF",0.79,1.41,58,"2011","Enero","2011-01-31"
"191","Scotiabank",1.51,1.55,36.47,"2011","Enero","2011-01-31"
"192","Citibank",2.48,3.29,65.31,"2011","Enero","2011-01-31"
"193","Interbank",1.65,0.73,46.25,"2011","Enero","2011-01-31"
"194","Mibanco",3.13,2.96,45.56,"2011","Enero","2011-01-31"
"195","GNB",2.31,0.33,85.98,"2011","Enero","2011-01-31"
"196","Falabella",2.78,3.05,47.67,"2011","Enero","2011-01-31"
"197","Santander",0.23,0,56.36,"2011","Enero","2011-01-31"
"198","Ripley",3.9,1.92,56.64,"2011","Enero","2011-01-31"
"199","Azteca",9.01,0,63.6,"2011","Enero","2011-01-31"
"200","Deutsche",0,0,30.51,"2011","Enero","2011-01-31"
"201","Total Banca",1.55,1.07,45.37,"2011","Enero","2011-01-31"
"202","BBVA",1.16,1.24,41.35,"2011","Febrero","2011-02-28"
"203","B. del Comercio",2.09,1.42,61.89,"2011","Febrero","2011-02-28"
"204","BCP",1.39,0.51,48.61,"2011","Febrero","2011-02-28"
"205","B. Financiera",2.78,1.15,61.27,"2011","Febrero","2011-02-28"
"206","BIF",0.74,1.41,60.98,"2011","Febrero","2011-02-28"
"207","Scotiabank",1.47,1.54,40.3,"2011","Febrero","2011-02-28"
"208","Citibank",2.41,2.98,68.93,"2011","Febrero","2011-02-28"
"209","Interbank",1.53,0.73,46.25,"2011","Febrero","2011-02-28"
"210","Mibanco",3.21,2.98,47.84,"2011","Febrero","2011-02-28"
"211","GNB",2.67,0.46,95.44,"2011","Febrero","2011-02-28"
"212","Falabella",2.39,3,49.46,"2011","Febrero","2011-02-28"
"213","Santander",0.22,0,59.91,"2011","Febrero","2011-02-28"
"214","Ripley",3.67,1.92,51.39,"2011","Febrero","2011-02-28"
"215","Azteca",8.97,0,66.12,"2011","Febrero","2011-02-28"
"216","Deutsche",0,0,86.44,"2011","Febrero","2011-02-28"
"217","Total Banca",1.53,1.07,47.91,"2011","Febrero","2011-02-28"
"218","BBVA",1.1,1.24,38.79,"2011","Marzo","2011-03-31"
"219","B. del Comercio",1.97,1.53,64.15,"2011","Marzo","2011-03-31"
"220","BCP",1.45,0.52,46.49,"2011","Marzo","2011-03-31"
"221","B. Financiera",2.78,1.13,59.58,"2011","Marzo","2011-03-31"
"222","BIF",0.81,1.32,59.34,"2011","Marzo","2011-03-31"
"223","Scotiabank",1.43,1.48,39.72,"2011","Marzo","2011-03-31"
"224","Citibank",2.25,2.9,64.75,"2011","Marzo","2011-03-31"
"225","Interbank",1.5,0.7,46.5,"2011","Marzo","2011-03-31"
"226","Mibanco",3.11,2.97,48.04,"2011","Marzo","2011-03-31"
"227","GNB",2.25,0.57,98.21,"2011","Marzo","2011-03-31"
"228","Falabella",2.45,2.81,49.5,"2011","Marzo","2011-03-31"
"229","Santander",0.2,0,56.28,"2011","Marzo","2011-03-31"
"230","Ripley",3.79,1.99,50.05,"2011","Marzo","2011-03-31"
"231","Azteca",8.54,0,66.16,"2011","Marzo","2011-03-31"
"232","Deutsche",0,0,96.39,"2011","Marzo","2011-03-31"
"233","Total Banca",1.51,1.06,46.61,"2011","Marzo","2011-03-31"
"234","BBVA",1.12,1.22,38.44,"2011","Abril","2011-04-30"
"235","B. del Comercio",1.45,1.52,65.6,"2011","Abril","2011-04-30"
"236","BCP",1.37,0.51,47.54,"2011","Abril","2011-04-30"
"237","B. Financiera",2.62,1.14,60.56,"2011","Abril","2011-04-30"
"238","BIF",0.82,1.34,58.57,"2011","Abril","2011-04-30"
"239","Scotiabank",1.51,1.38,39.66,"2011","Abril","2011-04-30"
"240","Citibank",1.76,2.3,63.58,"2011","Abril","2011-04-30"
"241","Interbank",1.55,0.68,46.81,"2011","Abril","2011-04-30"
"242","Mibanco",3.16,2.98,48.29,"2011","Abril","2011-04-30"
"243","GNB",3.65,0.55,106.84,"2011","Abril","2011-04-30"
"244","Falabella",2.29,2.69,49.32,"2011","Abril","2011-04-30"
"245","Santander",0.19,0,58.24,"2011","Abril","2011-04-30"
"246","Ripley",4.16,1.93,50.9,"2011","Abril","2011-04-30"
"247","Azteca",8.41,0,66.32,"2011","Abril","2011-04-30"
"248","Deutsche",0,0,100.91,"2011","Abril","2011-04-30"
"249","Total Banca",1.51,1.03,47.08,"2011","Abril","2011-04-30"
"250","BBVA",1.13,1.16,37.82,"2011","Mayo","2011-05-31"
"251","B. del Comercio",1.62,1.61,65.51,"2011","Mayo","2011-05-31"
"252","BCP",1.38,0.49,47.65,"2011","Mayo","2011-05-31"
"253","B. Financiera",2.66,1.11,60.29,"2011","Mayo","2011-05-31"
"254","BIF",0.9,1.22,57.8,"2011","Mayo","2011-05-31"
"255","Scotiabank",1.45,1.39,39.97,"2011","Mayo","2011-05-31"
"256","Citibank",2.2,2.49,67.77,"2011","Mayo","2011-05-31"
"257","Interbank",1.55,0.66,46.27,"2011","Mayo","2011-05-31"
"258","Mibanco",3.1,3.02,48.74,"2011","Mayo","2011-05-31"
"259","GNB",3.43,0.2,114.53,"2011","Mayo","2011-05-31"
"260","Falabella",2.37,2.58,48.65,"2011","Mayo","2011-05-31"
"261","Santander",0.18,0,56.78,"2011","Mayo","2011-05-31"
"262","Ripley",4.39,1.87,50.68,"2011","Mayo","2011-05-31"
"263","Azteca",8.07,0,65.94,"2011","Mayo","2011-05-31"
"264","Deutsche",0,0,123.66,"2011","Mayo","2011-05-31"
"265","Total Banca",1.51,0.99,47.14,"2011","Mayo","2011-05-31"
"266","BBVA",1.04,1.16,37.1,"2011","Junio","2011-06-30"
"267","B. del Comercio",1.59,2.45,66.04,"2011","Junio","2011-06-30"
"268","BCP",1.42,0.49,47.98,"2011","Junio","2011-06-30"
"269","B. Financiera",2.57,1.11,60.87,"2011","Junio","2011-06-30"
"270","BIF",0.85,1.15,57.57,"2011","Junio","2011-06-30"
"271","Scotiabank",1.5,1.41,40.12,"2011","Junio","2011-06-30"
"272","Citibank",2.13,2.73,66.14,"2011","Junio","2011-06-30"
"273","Interbank",1.55,0.64,46.1,"2011","Junio","2011-06-30"
"274","Mibanco",3.13,3.01,49.45,"2011","Junio","2011-06-30"
"275","GNB",3.37,0.32,116.96,"2011","Junio","2011-06-30"
"276","Falabella",2.3,2.55,48.34,"2011","Junio","2011-06-30"
"277","Santander",0.18,0,58.26,"2011","Junio","2011-06-30"
"278","Ripley",4.27,1.76,50.93,"2011","Junio","2011-06-30"
"279","Azteca",7.75,0,61.33,"2011","Junio","2011-06-30"
"280","Deutsche",0,0,59.41,"2011","Junio","2011-06-30"
"281","Total Banca",1.51,1,47.04,"2011","Junio","2011-06-30"
"282","BBVA",1.05,1.13,36.89,"2011","Julio","2011-07-31"
"283","B. del Comercio",1.89,1.48,66.28,"2011","Julio","2011-07-31"
"284","BCP",1.43,0.51,47.61,"2011","Julio","2011-07-31"
"285","B. Financiera",2.54,1.04,60.71,"2011","Julio","2011-07-31"
"286","BIF",0.84,1.13,57.94,"2011","Julio","2011-07-31"
"287","Scotiabank",1.51,1.34,40.17,"2011","Julio","2011-07-31"
"288","Citibank",2.16,2.48,67.02,"2011","Julio","2011-07-31"
"289","Interbank",1.65,0.61,46,"2011","Julio","2011-07-31"
"290","Mibanco",3.48,2.95,49.73,"2011","Julio","2011-07-31"
"291","GNB",3.33,0.3,114.71,"2011","Julio","2011-07-31"
"292","Falabella",2.35,2.56,48.33,"2011","Julio","2011-07-31"
"293","Santander",0.17,0,55.46,"2011","Julio","2011-07-31"
"294","Ripley",4.3,1.73,50.68,"2011","Julio","2011-07-31"
"295","Azteca",7.66,0,61,"2011","Julio","2011-07-31"
"296","Deutsche",0,0,60.45,"2011","Julio","2011-07-31"
"297","Total Banca",1.54,0.97,46.88,"2011","Julio","2011-07-31"
"298","BBVA",1.13,1.09,36.54,"2011","Agosto","2011-08-31"
"299","B. del Comercio",1.91,2.72,65.01,"2011","Agosto","2011-08-31"
"300","BCP",1.46,0.52,47.11,"2011","Agosto","2011-08-31"
"301","B. Financiera",2.55,1.04,60.59,"2011","Agosto","2011-08-31"
"302","BIF",0.88,1.11,57.63,"2011","Agosto","2011-08-31"
"303","Scotiabank",1.53,1.34,40.73,"2011","Agosto","2011-08-31"
"304","Citibank",2.08,2.47,67.01,"2011","Agosto","2011-08-31"
"305","Interbank",1.63,0.61,45.85,"2011","Agosto","2011-08-31"
"306","Mibanco",3.61,2.94,50,"2011","Agosto","2011-08-31"
"307","GNB",2.8,0.3,116.75,"2011","Agosto","2011-08-31"
"308","Falabella",2.4,2.57,48.17,"2011","Agosto","2011-08-31"
"309","Santander",0.18,0,53.73,"2011","Agosto","2011-08-31"
"310","Ripley",4.3,1.8,50.71,"2011","Agosto","2011-08-31"
"311","Azteca",7.52,0,60.1,"2011","Agosto","2011-08-31"
"312","Deutsche",0,0,52.74,"2011","Agosto","2011-08-31"
"313","Total Banca",1.57,0.98,46.73,"2011","Agosto","2011-08-31"
"314","BBVA",1.05,1.12,36.73,"2011","Septiembre","2011-09-30"
"315","B. del Comercio",2.1,2.72,64.11,"2011","Septiembre","2011-09-30"
"316","BCP",1.46,0.54,47.04,"2011","Septiembre","2011-09-30"
"317","B. Financiera",2.38,1.03,60.95,"2011","Septiembre","2011-09-30"
"318","BIF",0.91,1.11,55.94,"2011","Septiembre","2011-09-30"
"319","Scotiabank",1.48,1.34,40.97,"2011","Septiembre","2011-09-30"
"320","Citibank",1.91,2.33,66.71,"2011","Septiembre","2011-09-30"
"321","Interbank",1.57,0.61,45.23,"2011","Septiembre","2011-09-30"
"322","Mibanco",3.65,2.95,50.56,"2011","Septiembre","2011-09-30"
"323","GNB",3.2,0.41,117.58,"2011","Septiembre","2011-09-30"
"324","Falabella",2.56,2.63,48.16,"2011","Septiembre","2011-09-30"
"325","Santander",0.16,0,52.13,"2011","Septiembre","2011-09-30"
"326","Ripley",4.52,1.84,50.85,"2011","Septiembre","2011-09-30"
"327","Azteca",7.42,0,59.72,"2011","Septiembre","2011-09-30"
"328","Deutsche",0,0,44.93,"2011","Septiembre","2011-09-30"
"329","Total Banca",1.54,0.99,46.68,"2011","Septiembre","2011-09-30"
"330","BBVA",1.08,1.07,37,"2011","Octubre","2011-10-31"
"331","B. del Comercio",1.68,2.94,64.62,"2011","Octubre","2011-10-31"
"332","BCP",1.5,0.56,47.19,"2011","Octubre","2011-10-31"
"333","B. Financiera",2.3,0.95,61.54,"2011","Octubre","2011-10-31"
"334","BIF",0.95,1.07,55.94,"2011","Octubre","2011-10-31"
"335","Scotiabank",1.53,1.3,40.67,"2011","Octubre","2011-10-31"
"336","Citibank",1.89,2.29,67.85,"2011","Octubre","2011-10-31"
"337","Interbank",1.6,0.66,45.2,"2011","Octubre","2011-10-31"
"338","Mibanco",3.71,2.92,51.21,"2011","Octubre","2011-10-31"
"339","GNB",2.93,0.45,115.39,"2011","Octubre","2011-10-31"
"340","Falabella",2.68,2.69,48.26,"2011","Octubre","2011-10-31"
"341","Santander",0.15,0,52.44,"2011","Octubre","2011-10-31"
"342","Ripley",4.72,1.81,50.91,"2011","Octubre","2011-10-31"
"343","Azteca",7.33,0,59.15,"2011","Octubre","2011-10-31"
"344","Deutsche",0,0,55.16,"2011","Octubre","2011-10-31"
"345","Total Banca",1.57,0.99,46.8,"2011","Octubre","2011-10-31"
"346","BBVA",1.03,1.15,36.65,"2011","Noviembre","2011-11-30"
"347","B. del Comercio",1.59,3.08,64.93,"2011","Noviembre","2011-11-30"
"348","BCP",1.46,0.55,47.29,"2011","Noviembre","2011-11-30"
"349","B. Financiera",2.27,0.95,62.23,"2011","Noviembre","2011-11-30"
"350","BIF",0.89,1.15,56.12,"2011","Noviembre","2011-11-30"
"351","Scotiabank",1.46,1.27,40.63,"2011","Noviembre","2011-11-30"
"352","Citibank",1.9,2.25,67.77,"2011","Noviembre","2011-11-30"
"353","Interbank",1.66,0.66,45.44,"2011","Noviembre","2011-11-30"
"354","Mibanco",3.7,2.91,51.89,"2011","Noviembre","2011-11-30"
"355","GNB",2.09,0.48,115.61,"2011","Noviembre","2011-11-30"
"356","Falabella",2.92,2.68,48.25,"2011","Noviembre","2011-11-30"
"357","Santander",0.14,0,51.91,"2011","Noviembre","2011-11-30"
"358","Ripley",4.87,1.73,51.32,"2011","Noviembre","2011-11-30"
"359","Azteca",7.29,0,59.13,"2011","Noviembre","2011-11-30"
"360","Deutsche",0,0,43.96,"2011","Noviembre","2011-11-30"
"361","Total Banca",1.52,1,46.82,"2011","Noviembre","2011-11-30"
"362","BBVA",0.92,1.2,36.94,"2011","Diciembre","2011-12-31"
"363","B. del Comercio",1.58,3.04,63.93,"2011","Diciembre","2011-12-31"
"364","BCP",1.42,0.56,47.86,"2011","Diciembre","2011-12-31"
"365","B. Financiera",2.14,0.95,63,"2011","Diciembre","2011-12-31"
"366","BIF",0.9,1.28,56.06,"2011","Diciembre","2011-12-31"
"367","Scotiabank",1.48,1.19,39.97,"2011","Diciembre","2011-12-31"
"368","Citibank",1.79,2.09,67.59,"2011","Diciembre","2011-12-31"
"369","Interbank",1.5,0.6,45.72,"2011","Diciembre","2011-12-31"
"370","Mibanco",3.66,2.92,52.74,"2011","Diciembre","2011-12-31"
"371","GNB",2.56,0.47,113.62,"2011","Diciembre","2011-12-31"
"372","Falabella",3.01,2.59,48.16,"2011","Diciembre","2011-12-31"
"373","Santander",0.13,0,52.71,"2011","Diciembre","2011-12-31"
"374","Ripley",5.13,1.73,52.62,"2011","Diciembre","2011-12-31"
"375","Azteca",6.89,0,59.94,"2011","Diciembre","2011-12-31"
"376","Deutsche",0,0,48.17,"2011","Diciembre","2011-12-31"
"377","Total Banca",1.47,1,47.05,"2011","Diciembre","2011-12-31"
"378","CrediScotia",3.26,1.33,40.46,"2012","Enero","2012-01-31"
"379","TFC",4.88,3.71,57.19,"2012","Enero","2012-01-31"
"380","Edyficar",4.12,0.28,53.49,"2012","Enero","2012-01-31"
"381","Compartamos Financiera",4.07,0.17,52.82,"2012","Enero","2012-01-31"
"382","Confianza",4.23,0.65,62.71,"2012","Enero","2012-01-31"
"383","Financiera Efectiva",3.91,0,65.07,"2012","Enero","2012-01-31"
"384","Financiera Universal",4.49,0.33,102.61,"2012","Enero","2012-01-31"
"385","Financiera Uno",4.54,1.38,62.55,"2012","Enero","2012-01-31"
"386","America Financiera",1.06,0.55,57.28,"2012","Enero","2012-01-31"
"387","Mitsui.Auto.Finance",2.08,0,57.4,"2012","Enero","2012-01-31"
"388","Total Empresas Financieras",3.48,0.96,48.47,"2012","Enero","2012-01-31"
"389","CrediScotia",3.31,1.33,43.44,"2012","Febrero","2012-02-28"
"390","TFC",5.27,3.84,58.1,"2012","Febrero","2012-02-28"
"391","Edyficar",4.22,0.26,53.37,"2012","Febrero","2012-02-28"
"392","Compartamos Financiera",4.45,0.18,51.5,"2012","Febrero","2012-02-28"
"393","Confianza",4.1,0.65,63.89,"2012","Febrero","2012-02-28"
"394","Financiera Efectiva",3.94,0,65.49,"2012","Febrero","2012-02-28"
"395","Financiera Universal",4.11,0.3,99.75,"2012","Febrero","2012-02-28"
"396","Financiera Uno",4.69,1.49,64.46,"2012","Febrero","2012-02-28"
"397","America Financiera",1.03,0.41,62.38,"2012","Febrero","2012-02-28"
"398","Mitsui.Auto.Finance",2.64,0,60.24,"2012","Febrero","2012-02-28"
"399","Total Empresas Financieras",3.57,0.95,50.32,"2012","Febrero","2012-02-28"
"400","CrediScotia",3.35,1.34,43.55,"2012","Marzo","2012-03-31"
"401","TFC",5.06,4.3,59.46,"2012","Marzo","2012-03-31"
"402","Edyficar",4.02,0.27,53.91,"2012","Marzo","2012-03-31"
"403","Compartamos Financiera",4.27,0.18,51.57,"2012","Marzo","2012-03-31"
"404","Confianza",4.04,0.67,64.02,"2012","Marzo","2012-03-31"
"405","Financiera Efectiva",3.75,0,64.32,"2012","Marzo","2012-03-31"
"406","Financiera Universal",4.13,0.36,98.65,"2012","Marzo","2012-03-31"
"407","Financiera Uno",4.6,2.12,66.63,"2012","Marzo","2012-03-31"
"408","America Financiera",1.12,0.37,56.95,"2012","Marzo","2012-03-31"
"409","Mitsui.Auto.Finance",2.5,0,60.15,"2012","Marzo","2012-03-31"
"410","Total Empresas Financieras",3.52,0.97,50.53,"2012","Marzo","2012-03-31"
"411","CrediScotia",3.57,1.35,43.94,"2012","Abril","2012-04-30"
"412","TFC",5.33,4.2,60.98,"2012","Abril","2012-04-30"
"413","Edyficar",4.13,0.26,54.34,"2012","Abril","2012-04-30"
"414","Compartamos Financiera",4.83,0.19,52.78,"2012","Abril","2012-04-30"
"415","Confianza",4.13,0.62,64.58,"2012","Abril","2012-04-30"
"416","Financiera Efectiva",3.95,0,65.61,"2012","Abril","2012-04-30"
"417","Financiera Universal",3.7,0.34,98.6,"2012","Abril","2012-04-30"
"418","Financiera Uno",4.61,2.29,68.18,"2012","Abril","2012-04-30"
"419","America Financiera",1.23,0.35,58.12,"2012","Abril","2012-04-30"
"420","Mitsui.Auto.Finance",2.61,0,61.57,"2012","Abril","2012-04-30"
"421","Total Empresas Financieras",3.72,0.97,51.17,"2012","Abril","2012-04-30"
"422","CrediScotia",3.73,1.36,43.93,"2012","Mayo","2012-05-31"
"423","TFC",5.6,4.24,60.98,"2012","Mayo","2012-05-31"
"424","Edyficar",4.19,0.26,54.42,"2012","Mayo","2012-05-31"
"425","Compartamos Financiera",5.04,0.17,54,"2012","Mayo","2012-05-31"
"426","Confianza",4.04,0.63,64.37,"2012","Mayo","2012-05-31"
"427","Financiera Efectiva",4.02,0,65.4,"2012","Mayo","2012-05-31"
"428","Financiera Universal",3.92,0.4,96.75,"2012","Mayo","2012-05-31"
"429","Financiera Uno",4.5,2.42,68,"2012","Mayo","2012-05-31"
"430","America Financiera",1.48,0.31,55.92,"2012","Mayo","2012-05-31"
"431","Mitsui.Auto.Finance",2.66,0,58.14,"2012","Mayo","2012-05-31"
"432","Total Empresas Financieras",3.85,0.96,51.17,"2012","Mayo","2012-05-31"
"433","CrediScotia",3.76,1.4,43.82,"2012","Junio","2012-06-30"
"434","TFC",6.03,4.13,61.36,"2012","Junio","2012-06-30"
"435","Edyficar",4.22,0.25,54.43,"2012","Junio","2012-06-30"
"436","Compartamos Financiera",4.95,0.17,55.24,"2012","Junio","2012-06-30"
"437","Confianza",4.05,0.59,65.27,"2012","Junio","2012-06-30"
"438","Financiera Efectiva",3.92,0,65.33,"2012","Junio","2012-06-30"
"439","Financiera Universal",4.34,0.52,96.67,"2012","Junio","2012-06-30"
"440","Financiera Uno",4.23,2.58,66.33,"2012","Junio","2012-06-30"
"441","America Financiera",1.28,0.56,55.81,"2012","Junio","2012-06-30"
"442","Mitsui.Auto.Finance",2.73,0,57.11,"2012","Junio","2012-06-30"
"443","Total Empresas Financieras",3.87,0.99,51.24,"2012","Junio","2012-06-30"
"444","CrediScotia",4,1.41,43.84,"2012","Julio","2012-07-31"
"445","TFC",7.02,4.45,64.09,"2012","Julio","2012-07-31"
"446","Edyficar",4.23,0.25,54.34,"2012","Julio","2012-07-31"
"447","Compartamos Financiera",5.3,0.17,55.8,"2012","Julio","2012-07-31"
"448","Confianza",4.04,0.59,65.09,"2012","Julio","2012-07-31"
"449","Financiera Efectiva",4,0,63.7,"2012","Julio","2012-07-31"
"450","Financiera Universal",4.27,0.64,96.14,"2012","Julio","2012-07-31"
"451","Financiera Uno",4.34,2.54,64.48,"2012","Julio","2012-07-31"
"452","America Financiera",1.09,0.53,54.51,"2012","Julio","2012-07-31"
"453","Mitsui.Auto.Finance",2.96,0,51.43,"2012","Julio","2012-07-31"
"454","Total Empresas Financieras",4.05,0.99,51.17,"2012","Julio","2012-07-31"
"455","CrediScotia",4.2,1.47,43.92,"2012","Agosto","2012-08-31"
"456","TFC",6.86,4.82,65.14,"2012","Agosto","2012-08-31"
"457","Edyficar",4.19,0.26,54.08,"2012","Agosto","2012-08-31"
"458","Compartamos Financiera",5.61,0.18,55.72,"2012","Agosto","2012-08-31"
"459","Confianza",4.11,0.56,65.01,"2012","Agosto","2012-08-31"
"460","Financiera Efectiva",3.98,0,62.31,"2012","Agosto","2012-08-31"
"461","Financiera Universal",4.85,0.71,95.63,"2012","Agosto","2012-08-31"
"462","Financiera Uno",4.88,2.53,63.3,"2012","Agosto","2012-08-31"
"463","America Financiera",1.5,0.52,54.06,"2012","Agosto","2012-08-31"
"464","Mitsui.Auto.Finance",3.03,0,49.43,"2012","Agosto","2012-08-31"
"465","Proempresa",5.19,0.84,73.59,"2012","Agosto","2012-08-31"
"466","Total Empresas Financieras",4.23,1.03,51.62,"2012","Agosto","2012-08-31"
"467","CrediScotia",4.19,1.51,44.49,"2012","Septiembre","2012-09-30"
"468","TFC",6.91,5.13,65.7,"2012","Septiembre","2012-09-30"
"469","Edyficar",4.08,0.25,54.33,"2012","Septiembre","2012-09-30"
"470","Compartamos Financiera",5.49,0.17,56.16,"2012","Septiembre","2012-09-30"
"471","Confianza",3.54,0.57,65.63,"2012","Septiembre","2012-09-30"
"472","Financiera Efectiva",3.96,0,61.7,"2012","Septiembre","2012-09-30"
"473","Financiera Universal",5.3,0.87,95.97,"2012","Septiembre","2012-09-30"
"474","Financiera Uno",5.33,2.52,62.82,"2012","Septiembre","2012-09-30"
"475","America Financiera",1.23,0.5,53.02,"2012","Septiembre","2012-09-30"
"476","Mitsui.Auto.Finance",3.11,0,51.01,"2012","Septiembre","2012-09-30"
"477","Proempresa",5.21,0.83,73.24,"2012","Septiembre","2012-09-30"
"478","Total Empresas Financieras",4.16,1.05,52.05,"2012","Septiembre","2012-09-30"
"479","CrediScotia",5.04,1.54,44.5,"2012","Octubre","2012-10-31"
"480","TFC",6.75,5.43,65.97,"2012","Octubre","2012-10-31"
"481","Edyficar",3.98,0.26,54.12,"2012","Octubre","2012-10-31"
"482","Compartamos Financiera",5.36,0.17,56.35,"2012","Octubre","2012-10-31"
"483","Confianza",2.63,0.56,65.25,"2012","Octubre","2012-10-31"
"484","Financiera Efectiva",4.01,0,61.49,"2012","Octubre","2012-10-31"
"485","Financiera Universal",6.75,0.97,96.53,"2012","Octubre","2012-10-31"
"486","Financiera Uno",5.73,2.68,62.45,"2012","Octubre","2012-10-31"
"487","America Financiera",1.31,0.47,52.34,"2012","Octubre","2012-10-31"
"488","Mitsui.Auto.Finance",3.29,0,50.51,"2012","Octubre","2012-10-31"
"489","Proempresa",5.33,0.87,73.15,"2012","Octubre","2012-10-31"
"490","Total Empresas Financieras",4.47,1.06,52.01,"2012","Octubre","2012-10-31"
"491","CrediScotia",4.91,1.62,44.48,"2012","Noviembre","2012-11-30"
"492","TFC",7.58,3.26,68.6,"2012","Noviembre","2012-11-30"
"493","Edyficar",3.94,0.25,54.11,"2012","Noviembre","2012-11-30"
"494","Compartamos Financiera",5.39,0.14,56.4,"2012","Noviembre","2012-11-30"
"495","Confianza",2.09,0.55,64.81,"2012","Noviembre","2012-11-30"
"496","Financiera Efectiva",3.91,0,61.21,"2012","Noviembre","2012-11-30"
"497","Financiera Universal",7.74,1.02,97.59,"2012","Noviembre","2012-11-30"
"498","Financiera Uno",5.73,2.78,63.21,"2012","Noviembre","2012-11-30"
"499","America Financiera",1.42,0.44,52.11,"2012","Noviembre","2012-11-30"
"500","Mitsui.Auto.Finance",3.24,0,51.56,"2012","Noviembre","2012-11-30"
"501","Proempresa",4.86,0.81,73.73,"2012","Noviembre","2012-11-30"
"502","Total Empresas Financieras",4.39,1,52.16,"2012","Noviembre","2012-11-30"
"503","CrediScotia",5.25,1.66,44.59,"2012","Diciembre","2012-12-31"
"504","TFC",8.13,9.97,69.71,"2012","Diciembre","2012-12-31"
"505","Edyficar",3.92,0.24,54.19,"2012","Diciembre","2012-12-31"
"506","Compartamos Financiera",4.55,0.11,55.78,"2012","Diciembre","2012-12-31"
"507","Confianza",1.62,0.56,64.19,"2012","Diciembre","2012-12-31"
"508","Financiera Efectiva",3.87,0,60.83,"2012","Diciembre","2012-12-31"
"509","Financiera Universal",5.36,2.97,84.24,"2012","Diciembre","2012-12-31"
"510","Financiera Uno",4.45,2.58,63.89,"2012","Diciembre","2012-12-31"
"511","America Financiera",1.93,1.16,52.36,"2012","Diciembre","2012-12-31"
"512","Mitsui.Auto.Finance",3.64,0,52.98,"2012","Diciembre","2012-12-31"
"513","Proempresa",4.58,0.79,73.87,"2012","Diciembre","2012-12-31"
"514","Total Empresas Financieras",4.46,1.32,52.71,"2012","Diciembre","2012-12-31"
"515","BBVA",1.47,1.26,37.65,"2013","Enero","2013-01-31"
"516","B. del Comercio",2.48,1.93,68.35,"2013","Enero","2013-01-31"
"517","BCP",1.79,0.69,43.67,"2013","Enero","2013-01-31"
"518","B. Financiera",2.04,1.06,54.02,"2013","Enero","2013-01-31"
"519","BIF",1.17,0.8,58.96,"2013","Enero","2013-01-31"
"520","Scotiabank",1.74,0.68,35.88,"2013","Enero","2013-01-31"
"521","Citibank",1.85,1.37,77.76,"2013","Enero","2013-01-31"
"522","Interbank",1.94,0.73,51.71,"2013","Enero","2013-01-31"
"523","Mibanco",4.52,2.85,57.37,"2013","Enero","2013-01-31"
"524","GNB",2.76,0.61,81.05,"2013","Enero","2013-01-31"
"525","Falabella",3.4,2.71,57.81,"2013","Enero","2013-01-31"
"526","Santander",0.4,0,35.6,"2013","Enero","2013-01-31"
"527","Ripley",5.36,2.51,67.11,"2013","Enero","2013-01-31"
"528","Azteca",7.37,0,56.32,"2013","Enero","2013-01-31"
"529","Deutsche",0,0,48.78,"2013","Enero","2013-01-31"
"530","Cencosud",0.3,0,144.67,"2013","Enero","2013-01-31"
"531","Total Banca",1.88,0.96,46.32,"2013","Enero","2013-01-31"
"532","BBVA",1.5,1.25,37.56,"2013","Febrero","2013-02-28"
"533","B. del Comercio",2.53,1.93,64.56,"2013","Febrero","2013-02-28"
"534","BCP",1.83,0.68,46.97,"2013","Febrero","2013-02-28"
"535","B. Financiera",2.21,1.06,56.94,"2013","Febrero","2013-02-28"
"536","BIF",1.18,0.79,59.6,"2013","Febrero","2013-02-28"
"537","Scotiabank",1.75,0.65,39.58,"2013","Febrero","2013-02-28"
"538","Citibank",1.92,1.39,73.75,"2013","Febrero","2013-02-28"
"539","Interbank",1.91,0.72,49.42,"2013","Febrero","2013-02-28"
"540","Mibanco",4.63,2.81,58.66,"2013","Febrero","2013-02-28"
"541","GNB",2.76,0.65,89.95,"2013","Febrero","2013-02-28"
"542","Falabella",3.26,2.85,55.74,"2013","Febrero","2013-02-28"
"543","Santander",0.41,0,42.36,"2013","Febrero","2013-02-28"
"544","Ripley",5.69,2.47,63.52,"2013","Febrero","2013-02-28"
"545","Azteca",7.79,0,56.91,"2013","Febrero","2013-02-28"
"546","Deutsche",0,0,43.82,"2013","Febrero","2013-02-28"
"547","Cencosud",1.02,0,127.8,"2013","Febrero","2013-02-28"
"548","Total Banca",1.91,0.95,47.81,"2013","Febrero","2013-02-28"
"549","BBVA",1.52,1.31,36.97,"2013","Marzo","2013-03-31"
"550","B. del Comercio",1.9,1.45,64.05,"2013","Marzo","2013-03-31"
"551","BCP",1.98,0.67,46.54,"2013","Marzo","2013-03-31"
"552","B. Financiera",2.22,1.21,61.17,"2013","Marzo","2013-03-31"
"553","BIF",1.14,0.81,58.41,"2013","Marzo","2013-03-31"
"554","Scotiabank",1.83,0.66,39.95,"2013","Marzo","2013-03-31"
"555","Citibank",1.9,1.36,68.22,"2013","Marzo","2013-03-31"
"556","Interbank",1.94,0.7,46.79,"2013","Marzo","2013-03-31"
"557","Mibanco",5.01,2.75,56.96,"2013","Marzo","2013-03-31"
"558","GNB",2.77,0.61,83.2,"2013","Marzo","2013-03-31"
"559","Falabella",3.66,2.9,54.9,"2013","Marzo","2013-03-31"
"560","Santander",0.39,0,42.24,"2013","Marzo","2013-03-31"
"561","Ripley",6.02,2.39,63.38,"2013","Marzo","2013-03-31"
"562","Azteca",8.69,0,53.81,"2013","Marzo","2013-03-31"
"563","Deutsche",0,0,43,"2013","Marzo","2013-03-31"
"564","Cencosud",2.07,0,126.44,"2013","Marzo","2013-03-31"
"565","Total Banca",2,0.96,47.08,"2013","Marzo","2013-03-31"
"566","BBVA",1.68,1.29,37.02,"2013","Abril","2013-04-30"
"567","B. del Comercio",2.01,1.44,66.1,"2013","Abril","2013-04-30"
"568","BCP",2.03,0.68,46.52,"2013","Abril","2013-04-30"
"569","B. Financiera",2.37,1.26,62.18,"2013","Abril","2013-04-30"
"570","BIF",1.15,0.81,57.42,"2013","Abril","2013-04-30"
"571","Scotiabank",1.87,0.64,40.33,"2013","Abril","2013-04-30"
"572","Citibank",2.05,1.4,63.53,"2013","Abril","2013-04-30"
"573","Interbank",1.92,0.68,47.2,"2013","Abril","2013-04-30"
"574","Mibanco",5,2.81,57.21,"2013","Abril","2013-04-30"
"575","GNB",2.54,0.73,84.09,"2013","Abril","2013-04-30"
"576","Falabella",3.62,2.99,55.42,"2013","Abril","2013-04-30"
"577","Santander",0.54,0,39.05,"2013","Abril","2013-04-30"
"578","Ripley",5.61,2.42,63.71,"2013","Abril","2013-04-30"
"579","Azteca",9.46,0,54.78,"2013","Abril","2013-04-30"
"580","Deutsche",0,0,29.14,"2013","Abril","2013-04-30"
"581","Cencosud",3.63,0,128.69,"2013","Abril","2013-04-30"
"582","Total Banca",2.06,0.96,47.13,"2013","Abril","2013-04-30"
"583","BBVA",1.71,1.3,37.05,"2013","Mayo","2013-05-31"
"584","B. del Comercio",2.28,1.4,67.17,"2013","Mayo","2013-05-31"
"585","BCP",2.11,0.66,46.22,"2013","Mayo","2013-05-31"
"586","B. Financiera",2.38,1.23,62.96,"2013","Mayo","2013-05-31"
"587","BIF",1.19,0.8,55.84,"2013","Mayo","2013-05-31"
"588","Scotiabank",1.89,0.66,41.04,"2013","Mayo","2013-05-31"
"589","Citibank",2.06,1.41,60.91,"2013","Mayo","2013-05-31"
"590","Interbank",1.92,0.66,46.24,"2013","Mayo","2013-05-31"
"591","Mibanco",5.15,2.78,57.81,"2013","Mayo","2013-05-31"
"592","GNB",2.61,0.72,81.43,"2013","Mayo","2013-05-31"
"593","Falabella",3.65,2.97,55.66,"2013","Mayo","2013-05-31"
"594","Santander",0.38,0,38.84,"2013","Mayo","2013-05-31"
"595","Ripley",5.87,2.25,63.73,"2013","Mayo","2013-05-31"
"596","Azteca",9.59,0,53.14,"2013","Mayo","2013-05-31"
"597","Deutsche",0,0,28.61,"2013","Mayo","2013-05-31"
"598","Cencosud",4.92,0,128.06,"2013","Mayo","2013-05-31"
"599","Total Banca",2.1,0.95,46.94,"2013","Mayo","2013-05-31"
"600","BBVA",1.62,1.31,37.29,"2013","Junio","2013-06-30"
"601","B. del Comercio",1.83,1.38,67.64,"2013","Junio","2013-06-30"
"602","BCP",2.09,0.66,47.09,"2013","Junio","2013-06-30"
"603","B. Financiera",2.37,1.12,62.75,"2013","Junio","2013-06-30"
"604","BIF",1.2,0.89,54.9,"2013","Junio","2013-06-30"
"605","Scotiabank",1.85,0.65,41.05,"2013","Junio","2013-06-30"
"606","Citibank",2.36,1.44,65.84,"2013","Junio","2013-06-30"
"607","Interbank",1.87,0.66,47.17,"2013","Junio","2013-06-30"
"608","Mibanco",5.37,2.78,58.13,"2013","Junio","2013-06-30"
"609","GNB",2.55,0.68,79.6,"2013","Junio","2013-06-30"
"610","Falabella",3.63,2.9,55.21,"2013","Junio","2013-06-30"
"611","Santander",0.38,0,39.51,"2013","Junio","2013-06-30"
"612","Ripley",5.54,2.16,63.28,"2013","Junio","2013-06-30"
"613","Azteca",9.85,0,53.39,"2013","Junio","2013-06-30"
"614","Deutsche",0,0,30.02,"2013","Junio","2013-06-30"
"615","Cencosud",6.02,0,123.76,"2013","Junio","2013-06-30"
"616","Total Banca",2.06,0.94,47.48,"2013","Junio","2013-06-30"
"617","BBVA",1.74,1.36,37.08,"2013","Julio","2013-07-31"
"618","B. del Comercio",2.03,1.36,68.34,"2013","Julio","2013-07-31"
"619","BCP",2.1,0.64,46.88,"2013","Julio","2013-07-31"
"620","B. Financiera",2.34,1,61.88,"2013","Julio","2013-07-31"
"621","BIF",1.46,0.92,53.76,"2013","Julio","2013-07-31"
"622","Scotiabank",1.87,0.66,41.13,"2013","Julio","2013-07-31"
"623","Citibank",2.66,1.24,65.34,"2013","Julio","2013-07-31"
"624","Interbank",1.81,0.65,47.39,"2013","Julio","2013-07-31"
"625","Mibanco",5.54,2.74,57.95,"2013","Julio","2013-07-31"
"626","GNB",2.5,0.7,77.16,"2013","Julio","2013-07-31"
"627","Falabella",3.59,2.95,55.61,"2013","Julio","2013-07-31"
"628","Santander",0.39,0,38.71,"2013","Julio","2013-07-31"
"629","Ripley",5.36,2.18,62.77,"2013","Julio","2013-07-31"
"630","Azteca",9.87,0,53.81,"2013","Julio","2013-07-31"
"631","Deutsche",0,0,32.11,"2013","Julio","2013-07-31"
"632","Cencosud",7.01,0,123.93,"2013","Julio","2013-07-31"
"633","Total Banca",2.11,0.94,47.35,"2013","Julio","2013-07-31"
"634","BBVA",1.78,1.4,37.56,"2013","Agosto","2013-08-31"
"635","B. del Comercio",2.09,1.38,68.84,"2013","Agosto","2013-08-31"
"636","BCP",2.15,0.63,46.44,"2013","Agosto","2013-08-31"
"637","B. Financiera",2.23,1.21,62.06,"2013","Agosto","2013-08-31"
"638","BIF",1.29,1.08,53.3,"2013","Agosto","2013-08-31"
"639","Scotiabank",1.89,0.65,41.26,"2013","Agosto","2013-08-31"
"640","Citibank",1.9,1.2,67.39,"2013","Agosto","2013-08-31"
"641","Interbank",1.78,0.64,47.68,"2013","Agosto","2013-08-31"
"642","Mibanco",5.69,2.74,58.28,"2013","Agosto","2013-08-31"
"643","GNB",2.41,0.68,74.53,"2013","Agosto","2013-08-31"
"644","Falabella",3.6,2.9,55.91,"2013","Agosto","2013-08-31"
"645","Santander",0.43,0,38.14,"2013","Agosto","2013-08-31"
"646","Ripley",5.21,2.25,62.35,"2013","Agosto","2013-08-31"
"647","Azteca",9.8,0,53.51,"2013","Agosto","2013-08-31"
"648","Deutsche",0,0,34.27,"2013","Agosto","2013-08-31"
"649","Cencosud",4.99,0,119.29,"2013","Agosto","2013-08-31"
"650","Total Banca",2.11,0.95,47.38,"2013","Agosto","2013-08-31"
"651","BBVA",1.79,1.4,37.28,"2013","Septiembre","2013-09-30"
"652","B. del Comercio",1.69,1.09,68.12,"2013","Septiembre","2013-09-30"
"653","BCP",2.18,0.62,46.48,"2013","Septiembre","2013-09-30"
"654","B. Financiera",2.22,1.19,61.99,"2013","Septiembre","2013-09-30"
"655","BIF",1.32,0.9,52.88,"2013","Septiembre","2013-09-30"
"656","Scotiabank",1.88,0.44,39.76,"2013","Septiembre","2013-09-30"
"657","Citibank",1.9,1.19,66.24,"2013","Septiembre","2013-09-30"
"658","Interbank",1.78,0.64,47.9,"2013","Septiembre","2013-09-30"
"659","Mibanco",5.82,2.69,58.59,"2013","Septiembre","2013-09-30"
"660","GNB",2.44,0.66,73.85,"2013","Septiembre","2013-09-30"
"661","Falabella",3.66,2.87,56.47,"2013","Septiembre","2013-09-30"
"662","Santander",0.37,0,38.38,"2013","Septiembre","2013-09-30"
"663","Ripley",4.9,2.31,62.45,"2013","Septiembre","2013-09-30"
"664","Azteca",9.67,0,54.18,"2013","Septiembre","2013-09-30"
"665","Deutsche",0,0,32.86,"2013","Septiembre","2013-09-30"
"666","Cencosud",5.02,0,112.06,"2013","Septiembre","2013-09-30"
"667","Total Banca",2.12,0.9,47.08,"2013","Septiembre","2013-09-30"
"668","BBVA",1.82,1.44,37.11,"2013","Octubre","2013-10-31"
"669","B. del Comercio",1.87,1.08,67.5,"2013","Octubre","2013-10-31"
"670","BCP",2.23,0.61,46.3,"2013","Octubre","2013-10-31"
"671","B. Financiera",2.46,1.08,62.02,"2013","Octubre","2013-10-31"
"672","BIF",1.29,0.93,52.17,"2013","Octubre","2013-10-31"
"673","Scotiabank",2.01,0.43,39.85,"2013","Octubre","2013-10-31"
"674","Citibank",2,1.17,66.42,"2013","Octubre","2013-10-31"
"675","Interbank",1.77,0.63,48.17,"2013","Octubre","2013-10-31"
"676","Mibanco",5.94,2.64,58.47,"2013","Octubre","2013-10-31"
"677","GNB",2.31,0.88,73.81,"2013","Octubre","2013-10-31"
"678","Falabella",3.74,2.8,56.84,"2013","Octubre","2013-10-31"
"679","Santander",0.37,0,37.25,"2013","Octubre","2013-10-31"
"680","Ripley",5.03,2.29,61.47,"2013","Octubre","2013-10-31"
"681","Azteca",9.54,0,55.36,"2013","Octubre","2013-10-31"
"682","Deutsche",0,0,33.31,"2013","Octubre","2013-10-31"
"683","Cencosud",4.9,0.02,106.07,"2013","Octubre","2013-10-31"
"684","Total Banca",2.17,0.9,47.01,"2013","Octubre","2013-10-31"
"685","BBVA",1.81,1.44,36.9,"2013","Noviembre","2013-11-30"
"686","B. del Comercio",2.02,1.07,68.49,"2013","Noviembre","2013-11-30"
"687","BCP",2.26,0.62,46.05,"2013","Noviembre","2013-11-30"
"688","B. Financiera",2.38,1.18,62.38,"2013","Noviembre","2013-11-30"
"689","BIF",1.28,0.99,51.88,"2013","Noviembre","2013-11-30"
"690","Scotiabank",2.02,0.43,40.06,"2013","Noviembre","2013-11-30"
"691","Citibank",2.01,1.15,66.65,"2013","Noviembre","2013-11-30"
"692","Interbank",1.75,0.62,48.46,"2013","Noviembre","2013-11-30"
"693","Mibanco",6.05,2.59,58.69,"2013","Noviembre","2013-11-30"
"694","GNB",2.46,0.73,74.58,"2013","Noviembre","2013-11-30"
"695","Falabella",3.86,2.66,56.97,"2013","Noviembre","2013-11-30"
"696","Santander",0.36,0,37.28,"2013","Noviembre","2013-11-30"
"697","Ripley",5.12,2.24,62.14,"2013","Noviembre","2013-11-30"
"698","Azteca",9.43,0,55.31,"2013","Noviembre","2013-11-30"
"699","Deutsche",0,0,33.92,"2013","Noviembre","2013-11-30"
"700","Cencosud",4.86,0.06,102.34,"2013","Noviembre","2013-11-30"
"701","Total Banca",2.18,0.91,46.99,"2013","Noviembre","2013-11-30"
"702","BBVA",1.74,1.49,36.55,"2013","Diciembre","2013-12-31"
"703","B. del Comercio",1.72,1.05,66.95,"2013","Diciembre","2013-12-31"
"704","BCP",2.27,0.62,46.02,"2013","Diciembre","2013-12-31"
"705","B. Financiera",2.28,1.27,62.15,"2013","Diciembre","2013-12-31"
"706","BIF",1.33,1.07,52.02,"2013","Diciembre","2013-12-31"
"707","Scotiabank",2.06,0.43,40.14,"2013","Diciembre","2013-12-31"
"708","Citibank",1.98,1.1,66.68,"2013","Diciembre","2013-12-31"
"709","Interbank",1.75,0.63,48.84,"2013","Diciembre","2013-12-31"
"710","Mibanco",5.24,2.55,58.6,"2013","Diciembre","2013-12-31"
"711","GNB",2.43,0.73,73.34,"2013","Diciembre","2013-12-31"
"712","Falabella",3.84,2.42,58.37,"2013","Diciembre","2013-12-31"
"713","Santander",0.39,0,36.82,"2013","Diciembre","2013-12-31"
"714","Ripley",4.89,2.06,64.29,"2013","Diciembre","2013-12-31"
"715","Azteca",8.86,0,56.38,"2013","Diciembre","2013-12-31"
"716","Deutsche",0,0,39.72,"2013","Diciembre","2013-12-31"
"717","Cencosud",3.03,0.09,99.97,"2013","Diciembre","2013-12-31"
"718","Total Banca",2.14,0.92,47.05,"2013","Diciembre","2013-12-31"
"719","CrediScotia",7.57,2.06,50.44,"2014","Enero","2014-01-31"
"720","TFC",5.31,5.07,121.14,"2014","Enero","2014-01-31"
"721","Edyficar",3.96,0.36,54.49,"2014","Enero","2014-01-31"
"722","Compartamos Financiera",5.16,0.45,61.17,"2014","Enero","2014-01-31"
"723","Confianza",2.92,0.89,73.33,"2014","Enero","2014-01-31"
"724","Financiera Efectiva",4.03,0,57.23,"2014","Enero","2014-01-31"
"725","Financiera Universal",5.95,2.49,89.26,"2014","Enero","2014-01-31"
"726","Financiera Uno",5.24,2.49,75.18,"2014","Enero","2014-01-31"
"727","America Financiera",0,0,206.47,"2014","Enero","2014-01-31"
"728","Mitsui.Auto.Finance",8.75,0,43.2,"2014","Enero","2014-01-31"
"729","Proempresa",5.05,1.11,71.81,"2014","Enero","2014-01-31"
"730","Financiera.Nueva.Visión.",5.86,1.13,51.94,"2014","Enero","2014-01-31"
"731","Total Empresas Financieras",5.41,1.2,59.02,"2014","Enero","2014-01-31"
"732","CrediScotia",7.76,2.12,49.82,"2014","Febrero","2014-02-28"
"733","TFC",5.18,4.96,123.01,"2014","Febrero","2014-02-28"
"734","Edyficar",4.13,0.36,57.83,"2014","Febrero","2014-02-28"
"735","Compartamos Financiera",5.41,0.41,63.61,"2014","Febrero","2014-02-28"
"736","Confianza",3.11,0.88,76.96,"2014","Febrero","2014-02-28"
"737","Financiera Efectiva",4.12,0,59.27,"2014","Febrero","2014-02-28"
"738","Financiera Universal",6.38,2.45,86.73,"2014","Febrero","2014-02-28"
"739","Financiera Uno",5.23,2.62,79.9,"2014","Febrero","2014-02-28"
"740","America Financiera",0,0,256.36,"2014","Febrero","2014-02-28"
"741","Mitsui.Auto.Finance",9.14,0,44.74,"2014","Febrero","2014-02-28"
"742","Proempresa",5.02,1.08,73.55,"2014","Febrero","2014-02-28"
"743","Financiera.Nueva.Visión.",6.17,1.08,55.63,"2014","Febrero","2014-02-28"
"744","Total Empresas Financieras",5.59,1.2,60.75,"2014","Febrero","2014-02-28"
"745","CrediScotia",7.83,2.15,50.23,"2014","Marzo","2014-03-31"
"746","TFC",5.29,4.95,121.95,"2014","Marzo","2014-03-31"
"747","Edyficar",3.96,0.37,56.71,"2014","Marzo","2014-03-31"
"748","Compartamos Financiera",5.75,0.42,62.06,"2014","Marzo","2014-03-31"
"749","Confianza",3.22,0.89,76.17,"2014","Marzo","2014-03-31"
"750","Financiera Efectiva",4.02,0,58.74,"2014","Marzo","2014-03-31"
"751","Financiera Universal",5.8,2.51,82.52,"2014","Marzo","2014-03-31"
"752","Financiera Uno",5.39,2.88,76.06,"2014","Marzo","2014-03-31"
"753","America Financiera",0,0,255.32,"2014","Marzo","2014-03-31"
"754","Mitsui.Auto.Finance",9.37,0,44.97,"2014","Marzo","2014-03-31"
"755","Proempresa",4.98,1.11,72.44,"2014","Marzo","2014-03-31"
"756","Financiera.Nueva.Visión.",6.14,1.15,79.42,"2014","Marzo","2014-03-31"
"757","Total Empresas Financieras",5.6,1.22,60.34,"2014","Marzo","2014-03-31"
"758","CrediScotia",7.66,2.16,50.89,"2014","Abril","2014-04-30"
"759","TFC",5.05,3.35,113.77,"2014","Abril","2014-04-30"
"760","Edyficar",3.95,0.38,57.62,"2014","Abril","2014-04-30"
"761","Compartamos Financiera",6.2,0.46,61.54,"2014","Abril","2014-04-30"
"762","Confianza",3.41,0.86,76.54,"2014","Abril","2014-04-30"
"763","Financiera Efectiva",4.24,0,58.54,"2014","Abril","2014-04-30"
"764","Financiera Universal",6.25,2.51,82.24,"2014","Abril","2014-04-30"
"765","Financiera Uno",6.01,3.09,73.39,"2014","Abril","2014-04-30"
"766","America Financiera",0,0,270.77,"2014","Abril","2014-04-30"
"767","Mitsui.Auto.Finance",9.29,0,45.22,"2014","Abril","2014-04-30"
"768","Proempresa",5.24,1.06,72.31,"2014","Abril","2014-04-30"
"769","Financiera.Nueva.Visión.",8.25,1.15,103.58,"2014","Abril","2014-04-30"
"770","Total Empresas Financieras",5.68,1.18,60.81,"2014","Abril","2014-04-30"
"771","CrediScotia",7.53,2.2,50.38,"2014","Mayo","2014-05-31"
"772","TFC",4.73,3.5,109.36,"2014","Mayo","2014-05-31"
"773","Edyficar",3.99,0.41,58.33,"2014","Mayo","2014-05-31"
"774","Compartamos Financiera",6.47,0.51,61.82,"2014","Mayo","2014-05-31"
"775","Confianza",3.45,0.96,76.4,"2014","Mayo","2014-05-31"
"776","Financiera Efectiva",4.17,0,58.37,"2014","Mayo","2014-05-31"
"777","Financiera Universal",5.95,2.62,80.98,"2014","Mayo","2014-05-31"
"778","Financiera Uno",6.52,3.15,73.56,"2014","Mayo","2014-05-31"
"779","America Financiera",0,0,339.21,"2014","Mayo","2014-05-31"
"780","Mitsui.Auto.Finance",9.34,0,45.51,"2014","Mayo","2014-05-31"
"781","Proempresa",5.15,1.08,72.03,"2014","Mayo","2014-05-31"
"782","Financiera.Nueva.Visión.",9.13,1.15,112.68,"2014","Mayo","2014-05-31"
"783","Total Empresas Financieras",5.7,1.23,60.85,"2014","Mayo","2014-05-31"
"784","CrediScotia",7.54,2.17,50.19,"2014","Junio","2014-06-30"
"785","TFC",4.71,3.37,104.7,"2014","Junio","2014-06-30"
"786","Edyficar",3.98,0.43,58.55,"2014","Junio","2014-06-30"
"787","Compartamos Financiera",6.59,0.56,59.8,"2014","Junio","2014-06-30"
"788","Confianza",3.64,0.93,77.18,"2014","Junio","2014-06-30"
"789","Financiera Efectiva",4.09,0,58.08,"2014","Junio","2014-06-30"
"790","Financiera Universal",6.23,2.86,80.4,"2014","Junio","2014-06-30"
"791","Financiera Uno",6.45,3.26,72.07,"2014","Junio","2014-06-30"
"792","America Financiera",0,0,314.07,"2014","Junio","2014-06-30"
"793","Mitsui.Auto.Finance",9.71,0,45.87,"2014","Junio","2014-06-30"
"794","Proempresa",5.49,1.15,72.05,"2014","Junio","2014-06-30"
"795","Financiera.Nueva.Visión.",10.21,1.21,115.13,"2014","Junio","2014-06-30"
"796","Total Empresas Financieras",5.78,1.24,60.58,"2014","Junio","2014-06-30"
"797","CrediScotia",7.52,2.15,50.52,"2014","Julio","2014-07-31"
"798","TFC",5.77,2.06,101.59,"2014","Julio","2014-07-31"
"799","Edyficar",4.08,0.44,58.06,"2014","Julio","2014-07-31"
"800","Compartamos Financiera",6.75,0.63,59.52,"2014","Julio","2014-07-31"
"801","Confianza",3.75,0.94,77.09,"2014","Julio","2014-07-31"
"802","Financiera Efectiva",4.15,0,57.56,"2014","Julio","2014-07-31"
"803","Financiera Universal",7.44,4.39,80.36,"2014","Julio","2014-07-31"
"804","Financiera Uno",6.36,3.25,70.88,"2014","Julio","2014-07-31"
"805","America Financiera",0,0,330.36,"2014","Julio","2014-07-31"
"806","Mitsui.Auto.Finance",10.04,0,45.99,"2014","Julio","2014-07-31"
"807","Proempresa",5.71,1.2,71.69,"2014","Julio","2014-07-31"
"808","Financiera.Nueva.Visión.",11.55,1.23,112.75,"2014","Julio","2014-07-31"
"809","Total Empresas Financieras",5.92,1.24,60.35,"2014","Julio","2014-07-31"
"810","CrediScotia",7.52,2.13,50.49,"2014","Agosto","2014-08-31"
"811","TFC",5.78,1.92,100.47,"2014","Agosto","2014-08-31"
"812","Edyficar",4.2,0.44,58.2,"2014","Agosto","2014-08-31"
"813","Compartamos Financiera",6.96,0.7,59.39,"2014","Agosto","2014-08-31"
"814","Confianza",3.81,1,77.66,"2014","Agosto","2014-08-31"
"815","Financiera Efectiva",4.34,0,56.56,"2014","Agosto","2014-08-31"
"816","Financiera Universal",8.53,4.25,80.67,"2014","Agosto","2014-08-31"
"817","Financiera Uno",6.42,3.26,69.52,"2014","Agosto","2014-08-31"
"818","America Financiera",0,0,344.68,"2014","Agosto","2014-08-31"
"819","Mitsui.Auto.Finance",10.28,0,45.99,"2014","Agosto","2014-08-31"
"820","Proempresa",5.48,1.21,71.55,"2014","Agosto","2014-08-31"
"821","Financiera.Nueva.Visión.",11.73,1.47,109.6,"2014","Agosto","2014-08-31"
"822","Total Empresas Financieras",6.02,1.24,60.16,"2014","Agosto","2014-08-31"
"823","CrediScotia",7.36,2.14,50.81,"2014","Septiembre","2014-09-30"
"824","TFC",5.4,0.84,89.65,"2014","Septiembre","2014-09-30"
"825","Edyficar",4.07,0.45,58.11,"2014","Septiembre","2014-09-30"
"826","Compartamos Financiera",7.04,0.75,59.13,"2014","Septiembre","2014-09-30"
"827","Confianza",3.54,1.06,77.54,"2014","Septiembre","2014-09-30"
"828","Financiera Efectiva",4.48,0,55.56,"2014","Septiembre","2014-09-30"
"829","Financiera Universal",8.41,4.46,80.95,"2014","Septiembre","2014-09-30"
"830","Financiera Uno",6.44,3.11,68.92,"2014","Septiembre","2014-09-30"
"831","America Financiera",0,0,283.08,"2014","Septiembre","2014-09-30"
"832","Mitsui.Auto.Finance",10.37,0,46.17,"2014","Septiembre","2014-09-30"
"833","Proempresa",5.54,1.22,71.71,"2014","Septiembre","2014-09-30"
"834","Financiera.Nueva.Visión.",11.82,1.49,106.85,"2014","Septiembre","2014-09-30"
"835","Total Empresas Financieras",5.91,1.22,59.96,"2014","Septiembre","2014-09-30"
